Name,A,B,C,D,E,magimin summary,Magimin Balance,Total Magimin,(Base) Price,Magimin Ratio,Is Known Ingredient,Amount Owned,Taste,Touch,Smell,Sight,Sound,Type,Rarity,Location,Usefull for at least 1 Perfect Brew,Usefull for perfect brew; Health Potion,Usefull for perfect brew; Mana Potion,Usefull for perfect brew; Stamina Potion,Usefull for perfect brew; Speed Potion,Usefull for perfect brew; Tolerance Potion,Usefull for perfect brew; Fire Tonic,Usefull for perfect brew; Ice Tonic,Usefull for perfect brew; Thunder Tonic,Usefull for perfect brew; Shadow Tonic,Usefull for perfect brew; Radiation Tonic,Usefull for perfect brew; Sight Enhancer,Usefull for perfect brew; Alertness Enhancer,Usefull for perfect brew; Insight Enhancer,Usefull for perfect brew; Dowsing Enhancer,Usefull for perfect brew; Seeking Enhancer,Usefull for perfect brew; Poison Cure,Usefull for perfect brew; Drowsiness Cure,Usefull for perfect brew; Petrification Cure,Usefull for perfect brew; Silence Cure,Usefull for perfect brew; Curse Cure
Abominable Tarantula,0,0,0,0,66,0:0:0:0:66,0:0:0:0:1,66,105,0.629,FALSE,0,0,0,0,-5,5,Bug,Uncommon,Arctic,TRUE,FALSE,FALSE,TRUE,FALSE,TRUE,FALSE,FALSE,FALSE,TRUE,TRUE,FALSE,FALSE,TRUE,TRUE,TRUE,FALSE,FALSE,TRUE,TRUE,TRUE
Abyssalite,30,20,0,0,10,30:20:0:0:10,3:2:0:0:1,60,79,0.759,FALSE,0,0,0,0,0,0,Mineral,Uncommon,Ocean Coasts,TRUE,FALSE,FALSE,FALSE,FALSE,FALSE,FALSE,FALSE,FALSE,FALSE,FALSE,FALSE,FALSE,TRUE,FALSE,FALSE,FALSE,FALSE,FALSE,FALSE,FALSE
Acid Pitfall Plant,16,0,40,0,40,16:0:40:0:40,2:0:5:0:5,96,145,0.662,FALSE,0,0,0,0,0,0,Plant,Uncommon,Sulfuric Falls,TRUE,FALSE,FALSE,FALSE,FALSE,FALSE,FALSE,FALSE,FALSE,FALSE,FALSE,FALSE,FALSE,FALSE,FALSE,FALSE,FALSE,FALSE,TRUE,FALSE,FALSE
Acid Rutabaga,0,48,0,0,0,0:48:0:0:0,0:1:0:0:0,48,54,0.889,FALSE,0,-5,0,0,0,5,Plant,Common,Sulfuric Falls,TRUE,TRUE,TRUE,FALSE,FALSE,FALSE,FALSE,FALSE,TRUE,TRUE,FALSE,TRUE,TRUE,TRUE,FALSE,FALSE,FALSE,TRUE,FALSE,TRUE,TRUE
Amethyst Ore,66,66,0,0,33,66:66:0:0:33,2:2:0:0:1,165,206,0.801,FALSE,0,0,0,0,0,-5,Ores,Uncommon,Dragon Oasis,TRUE,FALSE,FALSE,FALSE,FALSE,FALSE,FALSE,FALSE,FALSE,FALSE,FALSE,FALSE,FALSE,TRUE,FALSE,FALSE,FALSE,FALSE,FALSE,FALSE,FALSE
Amphitere's Shadow,44,0,44,0,0,44:0:44:0:0,1:0:1:0:0,88,114,0.772,FALSE,0,0,0,0,0,0,Essences,Common,Dragon Oasis,TRUE,FALSE,FALSE,FALSE,FALSE,FALSE,TRUE,FALSE,FALSE,FALSE,FALSE,TRUE,FALSE,FALSE,FALSE,FALSE,TRUE,FALSE,TRUE,FALSE,FALSE
Antlered Jelly,30,0,0,0,0,30:0:0:0:0,1:0:0:0:0,30,28,1.071,FALSE,0,0,-5,0,5,0,Slime,Uncommon,Storm Plains,TRUE,TRUE,FALSE,TRUE,FALSE,FALSE,TRUE,TRUE,FALSE,FALSE,FALSE,TRUE,FALSE,TRUE,TRUE,FALSE,TRUE,TRUE,TRUE,FALSE,FALSE
Arcane Quartz,84,0,0,84,42,84:0:0:84:42,2:0:0:2:1,210,264,0.795,FALSE,0,0,0,0,0,-5,Gem,Uncommon,Magical Wasteland,TRUE,FALSE,FALSE,FALSE,FALSE,FALSE,FALSE,FALSE,FALSE,FALSE,FALSE,FALSE,FALSE,FALSE,TRUE,FALSE,FALSE,FALSE,FALSE,FALSE,FALSE
Arcane Truffle,0,42,42,42,42,0:42:42:42:42,0:1:1:1:1,168,236,0.712,FALSE,0,0,0,0,0,0,Fungus,Rare,Magical Wasteland,FALSE,FALSE,FALSE,FALSE,FALSE,FALSE,FALSE,FALSE,FALSE,FALSE,FALSE,FALSE,FALSE,FALSE,FALSE,FALSE,FALSE,FALSE,FALSE,FALSE,FALSE
Armored Pudding,44,0,0,44,0,44:0:0:44:0,1:0:0:1:0,88,115,0.765,FALSE,0,0,0,0,0,0,Slime,Common,Crater,TRUE,FALSE,FALSE,FALSE,FALSE,FALSE,FALSE,TRUE,FALSE,FALSE,FALSE,FALSE,FALSE,FALSE,TRUE,FALSE,TRUE,TRUE,FALSE,FALSE,FALSE
Avalanche Cricket,24,24,32,32,0,24:24:32:32:0,3:3:4:4:0,112,140,0.800,FALSE,0,5,-5,0,0,0,Bug,Common,Ice Craggs,FALSE,FALSE,FALSE,FALSE,FALSE,FALSE,FALSE,FALSE,FALSE,FALSE,FALSE,FALSE,FALSE,FALSE,FALSE,FALSE,FALSE,FALSE,FALSE,FALSE,FALSE
Banshee's Bloody Tongue,0,40,0,0,0,0:40:0:0:0,0:1:0:0:0,40,32,1.250,FALSE,0,0,0,-5,0,0,Flesh,Common,Shadow Steppe,TRUE,TRUE,TRUE,FALSE,FALSE,FALSE,FALSE,FALSE,TRUE,TRUE,FALSE,TRUE,TRUE,TRUE,FALSE,FALSE,FALSE,TRUE,FALSE,TRUE,TRUE
Barghast Canine,0,30,0,0,10,0:30:0:0:10,0:3:0:0:1,40,55,0.727,FALSE,0,0,0,0,0,0,Bone,Rare,Shadow Steppe,TRUE,FALSE,FALSE,FALSE,FALSE,FALSE,FALSE,FALSE,FALSE,TRUE,FALSE,FALSE,FALSE,TRUE,FALSE,FALSE,FALSE,FALSE,FALSE,TRUE,TRUE
Barracuda Plant,22,55,0,0,55,22:55:0:0:55,2:5:0:0:5,132,172,0.767,FALSE,0,0,0,0,0,0,Plant,Common,Crater,TRUE,FALSE,FALSE,FALSE,FALSE,FALSE,FALSE,FALSE,FALSE,FALSE,FALSE,FALSE,FALSE,TRUE,FALSE,FALSE,FALSE,FALSE,FALSE,FALSE,FALSE
Basilisk's Cornea,0,22,0,0,0,0:22:0:0:0,0:1:0:0:0,22,54,0.407,FALSE,0,5,5,0,0,0,Flesh,Uncommon,Dragon Oasis,TRUE,TRUE,TRUE,FALSE,FALSE,FALSE,FALSE,FALSE,TRUE,TRUE,FALSE,TRUE,TRUE,TRUE,FALSE,FALSE,FALSE,TRUE,FALSE,TRUE,TRUE
Bedazzled Custard,0,0,44,0,22,0:0:44:0:22,0:0:2:0:1,66,95,0.695,FALSE,0,0,0,0,5,0,Slime,Common,Dragon Oasis,TRUE,FALSE,FALSE,FALSE,FALSE,FALSE,FALSE,FALSE,FALSE,FALSE,TRUE,FALSE,FALSE,FALSE,FALSE,TRUE,FALSE,FALSE,TRUE,TRUE,TRUE
Bioplasm,0,48,32,16,0,0:48:32:16:0,0:3:2:1:0,96,125,0.768,FALSE,0,0,0,0,-5,5,Essences,Rare,Sulfuric Falls,TRUE,FALSE,FALSE,FALSE,FALSE,FALSE,FALSE,FALSE,FALSE,FALSE,FALSE,FALSE,TRUE,FALSE,FALSE,FALSE,FALSE,FALSE,FALSE,FALSE,FALSE
Blackfrost Lobster,0,0,0,0,44,0:0:0:0:44,0:0:0:0:1,44,104,0.423,FALSE,0,0,0,5,0,0,Fish,Uncommon,Arctic,TRUE,FALSE,FALSE,TRUE,FALSE,TRUE,FALSE,FALSE,FALSE,TRUE,TRUE,FALSE,FALSE,TRUE,TRUE,TRUE,FALSE,FALSE,TRUE,TRUE,TRUE
Blackgold Ore,84,84,0,0,42,84:84:0:0:42,2:2:0:0:1,210,256,0.820,FALSE,0,0,0,0,0,-5,Ores,Uncommon,Magical Wasteland,TRUE,FALSE,FALSE,FALSE,FALSE,FALSE,FALSE,FALSE,FALSE,FALSE,FALSE,FALSE,FALSE,TRUE,FALSE,FALSE,FALSE,FALSE,FALSE,FALSE,FALSE
Blightroach,0,42,42,42,0,0:42:42:42:0,0:1:1:1:0,126,185,0.681,FALSE,0,0,0,0,0,0,Bug,Common,Magical Wasteland,TRUE,FALSE,FALSE,FALSE,FALSE,FALSE,FALSE,FALSE,FALSE,FALSE,FALSE,FALSE,TRUE,FALSE,FALSE,FALSE,FALSE,FALSE,FALSE,FALSE,FALSE
Body Snatcher's Sloughed Skin,0,0,0,66,22,0:0:0:66:22,0:0:0:3:1,88,132,0.667,FALSE,0,0,0,0,0,0,Flesh,Rare,Crater,TRUE,FALSE,FALSE,FALSE,FALSE,TRUE,FALSE,FALSE,FALSE,FALSE,FALSE,FALSE,FALSE,FALSE,TRUE,TRUE,FALSE,FALSE,FALSE,FALSE,FALSE
Bog Beet,0,27,0,0,0,0:27:0:0:0,0:1:0:0:0,27,27,1.000,FALSE,0,-5,0,0,0,5,Plant,Rare,Mushroom Mire,TRUE,TRUE,TRUE,FALSE,FALSE,FALSE,FALSE,FALSE,TRUE,TRUE,FALSE,TRUE,TRUE,TRUE,FALSE,FALSE,FALSE,TRUE,FALSE,TRUE,TRUE
Bogeyberry,30,0,0,0,0,30:0:0:0:0,1:0:0:0:0,30,30,1.000,FALSE,0,0,0,0,0,0,Fruit,Common,Storm Plains,TRUE,TRUE,FALSE,TRUE,FALSE,FALSE,TRUE,TRUE,FALSE,FALSE,FALSE,TRUE,FALSE,TRUE,TRUE,FALSE,TRUE,TRUE,TRUE,FALSE,FALSE
Bramble Rose,16,0,0,0,0,16:0:0:0:0,1:0:0:0:0,16,45,0.356,FALSE,0,0,5,0,0,5,Flower,Uncommon,Sulfuric Falls,TRUE,TRUE,FALSE,TRUE,FALSE,FALSE,TRUE,TRUE,FALSE,FALSE,FALSE,TRUE,FALSE,TRUE,TRUE,FALSE,TRUE,TRUE,TRUE,FALSE,FALSE
Bubble Ooze,9,9,12,12,0,9:9:12:12:0,3:3:4:4:0,42,60,0.700,FALSE,0,0,0,0,0,0,Slime,Epic,Mushroom Mire,FALSE,FALSE,FALSE,FALSE,FALSE,FALSE,FALSE,FALSE,FALSE,FALSE,FALSE,FALSE,FALSE,FALSE,FALSE,FALSE,FALSE,FALSE,FALSE,FALSE,FALSE
Buoyant Blowfish,96,0,48,0,0,96:0:48:0:0,2:0:1:0:0,144,138,1.043,FALSE,0,0,0,0,-5,-5,Fish,Uncommon,Ice Craggs,TRUE,FALSE,FALSE,FALSE,FALSE,FALSE,TRUE,FALSE,FALSE,FALSE,FALSE,TRUE,FALSE,FALSE,FALSE,FALSE,TRUE,FALSE,TRUE,FALSE,FALSE
Celestial Ore,0,0,16,0,0,0:0:16:0:0,0:0:1:0:0,16,45,0.356,FALSE,0,0,0,5,5,0,Ores,Uncommon,Ice Craggs,TRUE,FALSE,TRUE,FALSE,TRUE,FALSE,TRUE,FALSE,FALSE,FALSE,TRUE,TRUE,TRUE,FALSE,FALSE,TRUE,TRUE,FALSE,TRUE,TRUE,TRUE
Charredonnay,48,0,48,24,24,48:0:48:24:24,2:0:2:1:1,144,260,0.554,FALSE,0,-5,0,0,0,0,Fruit,Rare,Sulfuric Falls,FALSE,FALSE,FALSE,FALSE,FALSE,FALSE,FALSE,FALSE,FALSE,FALSE,FALSE,FALSE,FALSE,FALSE,FALSE,FALSE,FALSE,FALSE,FALSE,FALSE,FALSE
Chimera Waste,0,0,64,32,0,0:0:64:32:0,0:0:2:1:0,96,118,0.814,FALSE,0,0,0,-5,0,0,Essences,Common,Crystalline Forest,TRUE,FALSE,FALSE,FALSE,TRUE,FALSE,FALSE,FALSE,FALSE,FALSE,FALSE,FALSE,TRUE,FALSE,FALSE,TRUE,TRUE,FALSE,FALSE,FALSE,FALSE
Cobweb Crayfish,10,0,20,0,0,10:0:20:0:0,1:0:2:0:0,30,48,0.625,FALSE,0,0,0,5,0,0,Fish,Rare,Shadow Steppe,TRUE,FALSE,FALSE,FALSE,FALSE,FALSE,TRUE,FALSE,FALSE,FALSE,FALSE,TRUE,FALSE,FALSE,FALSE,FALSE,TRUE,FALSE,TRUE,FALSE,FALSE
Copper Dollop,15,15,15,15,0,15:15:15:15:0,1:1:1:1:0,60,95,0.632,FALSE,0,0,0,0,0,0,Slime,Rare,Storm Plains,FALSE,FALSE,FALSE,FALSE,FALSE,FALSE,FALSE,FALSE,FALSE,FALSE,FALSE,FALSE,FALSE,FALSE,FALSE,FALSE,FALSE,FALSE,FALSE,FALSE,FALSE
Cosmic Cassava,0,66,0,0,0,0:66:0:0:0,0:1:0:0:0,66,82,0.805,FALSE,0,-5,0,0,0,5,Plant,Common,Crater,TRUE,TRUE,TRUE,FALSE,FALSE,FALSE,FALSE,FALSE,TRUE,TRUE,FALSE,TRUE,TRUE,TRUE,FALSE,FALSE,FALSE,TRUE,FALSE,TRUE,TRUE
Cosmic Quartz,66,33,0,66,0,66:33:0:66:0,2:1:0:2:0,165,204,0.809,FALSE,0,0,0,0,0,-5,Gem,Uncommon,Crater,TRUE,FALSE,FALSE,FALSE,FALSE,FALSE,FALSE,FALSE,FALSE,FALSE,FALSE,FALSE,FALSE,FALSE,FALSE,FALSE,FALSE,TRUE,FALSE,FALSE,FALSE
Courtier's Orchid,8,24,24,0,0,8:24:24:0:0,1:3:3:0:0,56,72,0.778,FALSE,0,0,0,5,0,0,Flower,Epic,Ice Craggs,TRUE,FALSE,FALSE,FALSE,FALSE,FALSE,FALSE,FALSE,FALSE,FALSE,FALSE,TRUE,FALSE,FALSE,FALSE,FALSE,FALSE,FALSE,FALSE,FALSE,FALSE
Crag Crab,0,0,0,0,32,0:0:0:0:32,0:0:0:0:1,32,75,0.427,FALSE,0,0,0,5,0,0,Fish,Rare,Ice Craggs,TRUE,FALSE,FALSE,TRUE,FALSE,TRUE,FALSE,FALSE,FALSE,TRUE,TRUE,FALSE,FALSE,TRUE,TRUE,TRUE,FALSE,FALSE,TRUE,TRUE,TRUE
Creeping Mildew,16,0,0,0,48,16:0:0:0:48,1:0:0:0:3,64,92,0.696,FALSE,0,0,0,0,0,0,Fungus,Uncommon,Sulfuric Falls,TRUE,FALSE,FALSE,TRUE,FALSE,FALSE,FALSE,FALSE,FALSE,FALSE,FALSE,FALSE,FALSE,TRUE,TRUE,FALSE,FALSE,FALSE,TRUE,FALSE,FALSE
Crocodile Tooth,6,0,12,0,0,6:0:12:0:0,1:0:2:0:0,18,20,0.900,FALSE,0,0,0,0,0,0,Bone,Common,Mushroom Mire,TRUE,FALSE,FALSE,FALSE,FALSE,FALSE,TRUE,FALSE,FALSE,FALSE,FALSE,TRUE,FALSE,FALSE,FALSE,FALSE,TRUE,FALSE,TRUE,FALSE,FALSE
Cubic Ooze,3,3,3,0,0,3:3:3:0:0,1:1:1:0:0,9,16,0.563,FALSE,0,0,0,0,0,0,Slime,Rare,Enchanted Forest,TRUE,FALSE,FALSE,FALSE,FALSE,FALSE,FALSE,FALSE,FALSE,FALSE,FALSE,TRUE,FALSE,FALSE,FALSE,FALSE,FALSE,FALSE,FALSE,FALSE,FALSE
Cyclops Skull,0,0,42,42,42,0:0:42:42:42,0:0:1:1:1,126,200,0.630,FALSE,0,0,0,0,0,0,Bone,Common,Magical Wasteland,TRUE,FALSE,FALSE,FALSE,FALSE,FALSE,FALSE,FALSE,FALSE,FALSE,FALSE,FALSE,FALSE,FALSE,FALSE,TRUE,FALSE,FALSE,FALSE,FALSE,FALSE
Daredevil Pepper,0,32,0,32,0,0:32:0:32:0,0:1:0:1:0,64,90,0.711,FALSE,0,0,0,0,0,0,Plant,Common,Crystalline Forest,TRUE,FALSE,FALSE,FALSE,FALSE,FALSE,FALSE,FALSE,TRUE,FALSE,FALSE,FALSE,TRUE,FALSE,FALSE,FALSE,FALSE,TRUE,FALSE,FALSE,FALSE
Daydream Pomme,0,24,8,0,0,0:24:8:0:0,0:3:1:0:0,32,75,0.427,FALSE,0,0,0,0,5,5,Fruit,Rare,Sulfuric Falls,TRUE,FALSE,TRUE,FALSE,FALSE,FALSE,FALSE,FALSE,FALSE,FALSE,FALSE,TRUE,TRUE,FALSE,FALSE,FALSE,FALSE,FALSE,FALSE,TRUE,TRUE
Dazzling Mana,42,42,42,42,42,42:42:42:42:42,1:1:1:1:1,210,345,0.609,FALSE,0,0,5,5,0,0,Pure Mana,Epic,Magical Wasteland,FALSE,FALSE,FALSE,FALSE,FALSE,FALSE,FALSE,FALSE,FALSE,FALSE,FALSE,FALSE,FALSE,FALSE,FALSE,FALSE,FALSE,FALSE,FALSE,FALSE,FALSE
Death's Embrace,33,33,33,0,33,33:33:33:0:33,1:1:1:0:1,132,196,0.673,FALSE,0,0,0,0,0,0,Plant,Epic,Arctic,FALSE,FALSE,FALSE,FALSE,FALSE,FALSE,FALSE,FALSE,FALSE,FALSE,FALSE,FALSE,FALSE,FALSE,FALSE,FALSE,FALSE,FALSE,FALSE,FALSE,FALSE
Delirium Shroom,0,0,48,0,0,0:0:48:0:0,0:0:1:0:0,48,63,0.762,FALSE,0,5,0,0,0,-5,Fungus,Common,Crystalline Forest,TRUE,FALSE,TRUE,FALSE,TRUE,FALSE,TRUE,FALSE,FALSE,FALSE,TRUE,TRUE,TRUE,FALSE,FALSE,TRUE,TRUE,FALSE,TRUE,TRUE,TRUE
Desert Metal,0,12,0,0,0,0:12:0:0:0,0:1:0:0:0,12,25,0.480,FALSE,0,0,5,0,0,0,Ores,Common,Bone Wastes,TRUE,TRUE,TRUE,FALSE,FALSE,FALSE,FALSE,FALSE,TRUE,TRUE,FALSE,TRUE,TRUE,TRUE,FALSE,FALSE,FALSE,TRUE,FALSE,TRUE,TRUE
Diamond Salt,33,0,0,0,11,33:0:0:0:11,3:0:0:0:1,44,85,0.518,FALSE,0,5,0,0,5,0,Mineral,Uncommon,Arctic,TRUE,FALSE,FALSE,TRUE,FALSE,FALSE,FALSE,FALSE,FALSE,FALSE,FALSE,FALSE,FALSE,TRUE,TRUE,FALSE,FALSE,FALSE,TRUE,FALSE,FALSE
Direwolf's-Breath Diamond,0,44,44,0,0,0:44:44:0:0,0:1:1:0:0,88,118,0.746,FALSE,0,0,0,0,0,0,Gem,Common,Arctic,TRUE,FALSE,TRUE,FALSE,FALSE,FALSE,FALSE,FALSE,FALSE,FALSE,FALSE,TRUE,TRUE,FALSE,FALSE,FALSE,FALSE,FALSE,FALSE,TRUE,TRUE
Djinn Blossom,24,0,0,8,0,24:0:0:8:0,3:0:0:1:0,32,68,0.471,FALSE,0,5,0,5,0,0,Flower,Uncommon,Crystalline Forest,TRUE,FALSE,FALSE,FALSE,FALSE,FALSE,FALSE,TRUE,FALSE,FALSE,FALSE,FALSE,FALSE,FALSE,TRUE,FALSE,TRUE,TRUE,FALSE,FALSE,FALSE
Dragon Dung,0,0,88,44,0,0:0:88:44:0,0:0:2:1:0,132,173,0.763,FALSE,0,0,0,-5,0,0,Essences,Uncommon,Dragon Oasis,TRUE,FALSE,FALSE,FALSE,TRUE,FALSE,FALSE,FALSE,FALSE,FALSE,FALSE,FALSE,TRUE,FALSE,FALSE,TRUE,TRUE,FALSE,FALSE,FALSE,FALSE
Dragon Pheromones,0,0,0,0,88,0:0:0:0:88,0:0:0:0:1,88,151,0.583,FALSE,0,0,0,-5,0,0,Essences,Uncommon,Dragon Oasis,TRUE,FALSE,FALSE,TRUE,FALSE,TRUE,FALSE,FALSE,FALSE,TRUE,TRUE,FALSE,FALSE,TRUE,TRUE,TRUE,FALSE,FALSE,TRUE,TRUE,TRUE
Dragon Tear,0,33,33,11,0,0:33:33:11:0,0:3:3:1:0,77,118,0.653,FALSE,0,0,5,0,0,0,Essences,Uncommon,Dragon Oasis,TRUE,FALSE,FALSE,FALSE,FALSE,FALSE,FALSE,FALSE,FALSE,FALSE,FALSE,FALSE,TRUE,FALSE,FALSE,FALSE,FALSE,FALSE,FALSE,FALSE,FALSE
Dragonblood Tick,132,66,0,0,0,132:66:0:0:0,2:1:0:0:0,198,174,1.138,FALSE,0,0,-5,0,0,-5,Bug,Uncommon,Dragon Oasis,TRUE,TRUE,FALSE,FALSE,FALSE,FALSE,FALSE,FALSE,FALSE,FALSE,FALSE,TRUE,FALSE,TRUE,FALSE,FALSE,FALSE,TRUE,FALSE,FALSE,FALSE
Dragonbreath Blossom,33,0,0,11,0,33:0:0:11:0,3:0:0:1:0,44,76,0.579,FALSE,0,5,0,5,0,0,Flower,Uncommon,Dragon Oasis,TRUE,FALSE,FALSE,FALSE,FALSE,FALSE,FALSE,TRUE,FALSE,FALSE,FALSE,FALSE,FALSE,FALSE,TRUE,FALSE,TRUE,TRUE,FALSE,FALSE,FALSE
Dragonegg Citrus,0,22,0,0,66,0:22:0:0:66,0:1:0:0:3,88,124,0.710,FALSE,0,0,0,0,0,0,Fruit,Uncommon,Dragon Oasis,TRUE,FALSE,FALSE,FALSE,FALSE,FALSE,FALSE,FALSE,FALSE,TRUE,FALSE,FALSE,FALSE,TRUE,FALSE,FALSE,FALSE,FALSE,FALSE,TRUE,TRUE
Dragonfire Pearl,0,0,0,44,0,0:0:0:44:0,0:0:0:1:0,44,76,0.579,FALSE,0,0,0,0,5,0,Gem,Rare,Dragon Oasis,TRUE,FALSE,FALSE,FALSE,TRUE,TRUE,FALSE,TRUE,TRUE,FALSE,FALSE,FALSE,TRUE,FALSE,TRUE,TRUE,TRUE,TRUE,FALSE,FALSE,FALSE
Draugr's Tibia,0,0,55,55,22,0:0:55:55:22,0:0:5:5:2,132,184,0.717,FALSE,0,0,0,0,0,0,Bone,Uncommon,Arctic,TRUE,FALSE,FALSE,FALSE,FALSE,FALSE,FALSE,FALSE,FALSE,FALSE,FALSE,FALSE,FALSE,FALSE,FALSE,TRUE,FALSE,FALSE,FALSE,FALSE,FALSE
Dropspider's Shadow,0,0,30,20,10,0:0:30:20:10,0:0:3:2:1,60,90,0.667,FALSE,0,0,0,0,0,0,Essences,Rare,Shadow Steppe,TRUE,FALSE,FALSE,FALSE,FALSE,FALSE,FALSE,FALSE,FALSE,FALSE,FALSE,FALSE,FALSE,FALSE,FALSE,TRUE,FALSE,FALSE,FALSE,FALSE,FALSE
Dwarf Kraken,40,0,0,0,0,40:0:0:0:0,1:0:0:0:0,40,30,1.333,FALSE,0,0,-5,0,0,0,Fish,Common,Ocean Coasts,TRUE,TRUE,FALSE,TRUE,FALSE,FALSE,TRUE,TRUE,FALSE,FALSE,FALSE,TRUE,FALSE,TRUE,TRUE,FALSE,TRUE,TRUE,TRUE,FALSE,FALSE
Ectoplasm,0,70,70,28,0,0:70:70:28:0,0:5:5:2:0,168,226,0.743,FALSE,0,0,0,0,-5,5,Essences,Rare,Magical Wasteland,TRUE,FALSE,FALSE,FALSE,FALSE,FALSE,FALSE,FALSE,FALSE,FALSE,FALSE,FALSE,TRUE,FALSE,FALSE,FALSE,FALSE,FALSE,FALSE,FALSE,FALSE
Elder Being's Tusk,0,66,0,0,22,0:66:0:0:22,0:3:0:0:1,88,114,0.772,FALSE,0,0,-5,0,0,5,Bone,Uncommon,Crater,TRUE,FALSE,FALSE,FALSE,FALSE,FALSE,FALSE,FALSE,FALSE,TRUE,FALSE,FALSE,FALSE,TRUE,FALSE,FALSE,FALSE,FALSE,FALSE,TRUE,TRUE
Electrocution Eel,10,10,10,0,0,10:10:10:0:0,1:1:1:0:0,30,45,0.667,FALSE,0,0,0,0,5,0,Fish,Uncommon,Storm Plains,TRUE,FALSE,FALSE,FALSE,FALSE,FALSE,FALSE,FALSE,FALSE,FALSE,FALSE,TRUE,FALSE,FALSE,FALSE,FALSE,FALSE,FALSE,FALSE,FALSE,FALSE
Ember of Mana,24,24,24,24,24,24:24:24:24:24,1:1:1:1:1,120,165,0.727,FALSE,0,0,0,0,0,0,Pure Mana,Epic,Ice Craggs,FALSE,FALSE,FALSE,FALSE,FALSE,FALSE,FALSE,FALSE,FALSE,FALSE,FALSE,FALSE,FALSE,FALSE,FALSE,FALSE,FALSE,FALSE,FALSE,FALSE,FALSE
Eye of Newt,0,16,0,0,0,0:16:0:0:0,0:1:0:0:0,16,34,0.471,FALSE,0,5,5,0,0,0,Flesh,Uncommon,Crystalline Forest,TRUE,TRUE,TRUE,FALSE,FALSE,FALSE,FALSE,FALSE,TRUE,TRUE,FALSE,TRUE,TRUE,TRUE,FALSE,FALSE,FALSE,TRUE,FALSE,TRUE,TRUE
Fairy Flower Bloom,20,0,0,0,0,20:0:0:0:0,1:0:0:0:0,20,35,0.571,FALSE,0,0,0,5,0,0,Flower,Common,Shadow Steppe,TRUE,TRUE,FALSE,TRUE,FALSE,FALSE,TRUE,TRUE,FALSE,FALSE,FALSE,TRUE,FALSE,TRUE,TRUE,FALSE,TRUE,TRUE,TRUE,FALSE,FALSE
Fairy Flower Bud,12,0,0,0,0,12:0:0:0:0,1:0:0:0:0,12,23,0.522,FALSE,0,0,0,5,0,0,Flower,Common,Bone Wastes,TRUE,TRUE,FALSE,TRUE,FALSE,FALSE,TRUE,TRUE,FALSE,FALSE,FALSE,TRUE,FALSE,TRUE,TRUE,FALSE,TRUE,TRUE,TRUE,FALSE,FALSE
Fairy Flower Bulb,4,0,0,0,0,4:0:0:0:0,1:0:0:0:0,4,14,0.286,FALSE,0,0,0,5,0,0,Flower,Common,Enchanted Forest,TRUE,TRUE,FALSE,TRUE,FALSE,FALSE,TRUE,TRUE,FALSE,FALSE,FALSE,TRUE,FALSE,TRUE,TRUE,FALSE,TRUE,TRUE,TRUE,FALSE,FALSE
Feathered Gelatin,0,0,0,48,0,0:0:0:48:0,0:0:0:1:0,48,62,0.774,FALSE,0,0,5,-5,0,0,Slime,Uncommon,Ice Craggs,TRUE,FALSE,FALSE,FALSE,TRUE,TRUE,FALSE,TRUE,TRUE,FALSE,FALSE,FALSE,TRUE,FALSE,TRUE,TRUE,TRUE,TRUE,FALSE,FALSE,FALSE
Feyberry,6,0,0,0,0,6:0:0:0:0,1:0:0:0:0,6,4,1.500,TRUE,2,0,0,0,0,0,Fruit,Common,Enchanted Forest,TRUE,TRUE,FALSE,TRUE,FALSE,FALSE,TRUE,TRUE,FALSE,FALSE,FALSE,TRUE,FALSE,TRUE,TRUE,FALSE,TRUE,TRUE,TRUE,FALSE,FALSE
Figment Pomme,0,18,6,0,0,0:18:6:0:0,0:3:1:0:0,24,26,0.923,FALSE,0,0,0,0,0,0,Fruit,Uncommon,Bone Wastes,TRUE,FALSE,TRUE,FALSE,FALSE,FALSE,FALSE,FALSE,FALSE,FALSE,FALSE,TRUE,TRUE,FALSE,FALSE,FALSE,FALSE,FALSE,FALSE,TRUE,TRUE
Fire Flower,40,0,0,20,0,40:0:0:20:0,2:0:0:1:0,60,55,1.091,FALSE,0,0,0,-5,0,0,Flower,Rare,Storm Plains,TRUE,FALSE,FALSE,FALSE,FALSE,FALSE,FALSE,TRUE,FALSE,FALSE,FALSE,FALSE,FALSE,FALSE,TRUE,FALSE,TRUE,TRUE,FALSE,FALSE,FALSE
Frog Leg,0,0,24,12,0,0:0:24:12:0,0:0:2:1:0,36,33,1.091,FALSE,0,0,0,0,-5,0,Flesh,Epic,Bone Wastes,TRUE,FALSE,FALSE,FALSE,TRUE,FALSE,FALSE,FALSE,FALSE,FALSE,FALSE,FALSE,TRUE,FALSE,FALSE,TRUE,TRUE,FALSE,FALSE,FALSE,FALSE
Frost Hopper,33,33,44,44,0,33:33:44:44:0,3:3:4:4:0,154,196,0.786,FALSE,0,5,-5,0,0,0,Bug,Common,Arctic,FALSE,FALSE,FALSE,FALSE,FALSE,FALSE,FALSE,FALSE,FALSE,FALSE,FALSE,FALSE,FALSE,FALSE,FALSE,FALSE,FALSE,FALSE,FALSE,FALSE,FALSE
Fulgurite Ore,0,0,0,30,0,0:0:0:30:0,0:0:0:1:0,30,40,0.750,FALSE,0,0,0,0,0,0,Ores,Uncommon,Storm Plains,TRUE,FALSE,FALSE,FALSE,TRUE,TRUE,FALSE,TRUE,TRUE,FALSE,FALSE,FALSE,TRUE,FALSE,TRUE,TRUE,TRUE,TRUE,FALSE,FALSE,FALSE
Funeral Pyre Enoki,88,88,44,44,0,88:88:44:44:0,2:2:1:1:0,264,280,0.943,FALSE,0,0,-5,-5,0,0,Fungus,Epic,Dragon Oasis,FALSE,FALSE,FALSE,FALSE,FALSE,FALSE,FALSE,FALSE,FALSE,FALSE,FALSE,FALSE,FALSE,FALSE,FALSE,FALSE,FALSE,FALSE,FALSE,FALSE,FALSE
Geode Citrus,0,16,0,0,48,0:16:0:0:48,0:1:0:0:3,64,94,0.681,FALSE,0,0,0,0,0,0,Fruit,Uncommon,Crystalline Forest,TRUE,FALSE,FALSE,FALSE,FALSE,FALSE,FALSE,FALSE,FALSE,TRUE,FALSE,FALSE,FALSE,TRUE,FALSE,FALSE,FALSE,FALSE,FALSE,TRUE,TRUE
Ghostlight Bloom,18,0,0,6,0,18:0:0:6:0,3:0:0:1:0,24,28,0.857,FALSE,0,0,0,0,0,0,Flower,Uncommon,Mushroom Mire,TRUE,FALSE,FALSE,FALSE,FALSE,FALSE,FALSE,TRUE,FALSE,FALSE,FALSE,FALSE,FALSE,FALSE,TRUE,FALSE,TRUE,TRUE,FALSE,FALSE,FALSE
Giantstool Mushroom,0,20,0,0,0,0:20:0:0:0,0:1:0:0:0,20,40,0.500,FALSE,0,0,5,0,0,0,Fungus,Common,Storm Plains,TRUE,TRUE,TRUE,FALSE,FALSE,FALSE,FALSE,FALSE,TRUE,TRUE,FALSE,TRUE,TRUE,TRUE,FALSE,FALSE,FALSE,TRUE,FALSE,TRUE,TRUE
Glass Ore,0,0,0,18,0,0:0:0:18:0,0:0:0:1:0,18,24,0.750,FALSE,0,0,0,0,0,0,Ores,Common,Bone Wastes,TRUE,FALSE,FALSE,FALSE,TRUE,TRUE,FALSE,TRUE,TRUE,FALSE,FALSE,FALSE,TRUE,FALSE,TRUE,TRUE,TRUE,TRUE,FALSE,FALSE,FALSE
Gold Dollop,33,33,33,33,0,33:33:33:33:0,1:1:1:1:0,132,176,0.750,FALSE,0,0,0,0,0,0,Slime,Rare,Dragon Oasis,FALSE,FALSE,FALSE,FALSE,FALSE,FALSE,FALSE,FALSE,FALSE,FALSE,FALSE,FALSE,FALSE,FALSE,FALSE,FALSE,FALSE,FALSE,FALSE,FALSE,FALSE
Golem's-Eye Diamond,0,12,12,0,0,0:12:12:0:0,0:1:1:0:0,24,28,0.857,FALSE,0,0,0,0,0,0,Gem,Uncommon,Bone Wastes,TRUE,FALSE,TRUE,FALSE,FALSE,FALSE,FALSE,FALSE,FALSE,FALSE,FALSE,TRUE,TRUE,FALSE,FALSE,FALSE,FALSE,FALSE,FALSE,TRUE,TRUE
Golemite,18,12,0,10,0,18:12:0:10:0,9:6:0:5:0,40,38,1.053,FALSE,0,0,0,0,0,0,Mineral,Rare,Bone Wastes,TRUE,FALSE,FALSE,FALSE,FALSE,FALSE,FALSE,FALSE,FALSE,FALSE,FALSE,FALSE,FALSE,FALSE,FALSE,FALSE,FALSE,TRUE,FALSE,FALSE,FALSE
Griffin's-Whetstone Diamond,0,32,32,0,0,0:32:32:0:0,0:1:1:0:0,64,86,0.744,FALSE,0,0,0,0,0,0,Gem,Common,Ice Craggs,TRUE,FALSE,TRUE,FALSE,FALSE,FALSE,FALSE,FALSE,FALSE,FALSE,FALSE,TRUE,TRUE,FALSE,FALSE,FALSE,FALSE,FALSE,FALSE,TRUE,TRUE
Guillotine Eel,33,33,33,0,0,33:33:33:0:0,1:1:1:0:0,99,126,0.786,FALSE,0,0,0,0,0,0,Fish,Common,Crater,TRUE,FALSE,FALSE,FALSE,FALSE,FALSE,FALSE,FALSE,FALSE,FALSE,FALSE,TRUE,FALSE,FALSE,FALSE,FALSE,FALSE,FALSE,FALSE,FALSE,FALSE
Hallucinatory Shroom,0,0,30,0,0,0:0:30:0:0,0:0:1:0:0,30,36,0.833,FALSE,0,5,0,0,0,-5,Fungus,Rare,Shadow Steppe,TRUE,FALSE,TRUE,FALSE,TRUE,FALSE,TRUE,FALSE,FALSE,FALSE,TRUE,TRUE,TRUE,FALSE,FALSE,TRUE,TRUE,FALSE,TRUE,TRUE,TRUE
Hangman Eel,24,24,24,0,0,24:24:24:0:0,1:1:1:0:0,72,95,0.758,FALSE,0,0,0,0,0,0,Fish,Uncommon,Sulfuric Falls,TRUE,FALSE,FALSE,FALSE,FALSE,FALSE,FALSE,FALSE,FALSE,FALSE,FALSE,TRUE,FALSE,FALSE,FALSE,FALSE,FALSE,FALSE,FALSE,FALSE,FALSE
Harpy's Heart of Stone,16,0,0,32,0,16:0:0:32:0,1:0:0:2:0,48,76,0.632,FALSE,0,0,5,0,0,0,Flesh,Uncommon,Ice Craggs,TRUE,FALSE,FALSE,FALSE,FALSE,FALSE,FALSE,TRUE,FALSE,FALSE,FALSE,FALSE,FALSE,FALSE,TRUE,FALSE,TRUE,TRUE,FALSE,FALSE,FALSE
Harpy's Snare,24,24,24,0,24,24:24:24:0:24,1:1:1:0:1,96,150,0.640,FALSE,0,0,0,0,0,0,Plant,Epic,Ice Craggs,FALSE,FALSE,FALSE,FALSE,FALSE,FALSE,FALSE,FALSE,FALSE,FALSE,FALSE,FALSE,FALSE,FALSE,FALSE,FALSE,FALSE,FALSE,FALSE,FALSE,FALSE
Hellhound Daisy,0,22,0,66,0,0:22:0:66:0,0:1:0:3:0,88,125,0.704,FALSE,0,0,0,0,0,0,Flower,Uncommon,Arctic,TRUE,FALSE,FALSE,FALSE,FALSE,FALSE,FALSE,FALSE,TRUE,FALSE,FALSE,FALSE,TRUE,FALSE,FALSE,FALSE,FALSE,TRUE,FALSE,FALSE,FALSE
Hoarite,55,55,0,22,0,55:55:0:22:0,5:5:0:2:0,132,167,0.790,FALSE,0,-5,0,0,5,0,Mineral,Rare,Arctic,TRUE,FALSE,FALSE,FALSE,FALSE,FALSE,FALSE,FALSE,FALSE,FALSE,FALSE,FALSE,FALSE,FALSE,FALSE,FALSE,FALSE,TRUE,FALSE,FALSE,FALSE
Hocus Locust,28,28,140,28,0,28:28:140:28:0,1:1:5:1:0,224,287,0.780,FALSE,0,5,-5,0,0,0,Bug,Epic,Magical Wasteland,FALSE,FALSE,FALSE,FALSE,FALSE,FALSE,FALSE,FALSE,FALSE,FALSE,FALSE,FALSE,FALSE,FALSE,FALSE,FALSE,FALSE,FALSE,FALSE,FALSE,FALSE
Horned Jelly,18,0,0,0,0,18:0:0:0:0,1:0:0:0:0,18,20,0.900,FALSE,0,0,-5,0,5,0,Slime,Uncommon,Bone Wastes,TRUE,TRUE,FALSE,TRUE,FALSE,FALSE,TRUE,TRUE,FALSE,FALSE,FALSE,TRUE,FALSE,TRUE,TRUE,FALSE,TRUE,TRUE,TRUE,FALSE,FALSE
Hydra Vertebra,9,9,9,0,0,9:9:9:0:0,1:1:1:0:0,27,35,0.771,FALSE,0,0,0,0,0,0,Bone,Common,Mushroom Mire,TRUE,FALSE,FALSE,FALSE,FALSE,FALSE,FALSE,FALSE,FALSE,FALSE,FALSE,TRUE,FALSE,FALSE,FALSE,FALSE,FALSE,FALSE,FALSE,FALSE,FALSE
Icicle Pufferfish,132,0,66,0,0,132:0:66:0:0,2:0:1:0:0,198,210,0.943,FALSE,0,0,0,0,-5,-5,Fish,Uncommon,Arctic,TRUE,FALSE,FALSE,FALSE,FALSE,FALSE,TRUE,FALSE,FALSE,FALSE,FALSE,TRUE,FALSE,FALSE,FALSE,FALSE,TRUE,FALSE,TRUE,FALSE,FALSE
Impstool Mushroom,0,4,0,0,0,0:4:0:0:0,0:1:0:0:0,4,17,0.235,FALSE,0,0,5,0,0,0,Fungus,Common,Enchanted Forest,TRUE,TRUE,TRUE,FALSE,FALSE,FALSE,FALSE,FALSE,TRUE,TRUE,FALSE,TRUE,TRUE,TRUE,FALSE,FALSE,FALSE,TRUE,FALSE,TRUE,TRUE
Inverted Brable-Rose,22,0,0,0,0,22:0:0:0:0,1:0:0:0:0,22,46,0.478,FALSE,0,0,5,0,0,5,Flower,Uncommon,Crater,TRUE,TRUE,FALSE,TRUE,FALSE,FALSE,TRUE,TRUE,FALSE,FALSE,FALSE,TRUE,FALSE,TRUE,TRUE,FALSE,TRUE,TRUE,TRUE,FALSE,FALSE
Jelly Blossom,0,0,0,0,30,0:0:0:0:30,0:0:0:0:1,30,55,0.545,FALSE,0,0,0,0,0,0,Flower,Rare,Ocean Coasts,TRUE,FALSE,FALSE,TRUE,FALSE,TRUE,FALSE,FALSE,FALSE,TRUE,TRUE,FALSE,FALSE,TRUE,TRUE,TRUE,FALSE,FALSE,TRUE,TRUE,TRUE
Jeweled Scarab,0,24,24,24,0,0:24:24:24:0,0:1:1:1:0,72,105,0.686,FALSE,0,0,0,0,0,0,Bug,Common,Crystalline Forest,TRUE,FALSE,FALSE,FALSE,FALSE,FALSE,FALSE,FALSE,FALSE,FALSE,FALSE,FALSE,TRUE,FALSE,FALSE,FALSE,FALSE,FALSE,FALSE,FALSE,FALSE
Jotunn's Frozen Heart,22,0,0,44,0,22:0:0:44:0,1:0:0:2:0,66,98,0.673,FALSE,0,0,5,0,0,0,Flesh,Uncommon,Arctic,TRUE,FALSE,FALSE,FALSE,FALSE,FALSE,FALSE,TRUE,FALSE,FALSE,FALSE,FALSE,FALSE,FALSE,TRUE,FALSE,TRUE,TRUE,FALSE,FALSE,FALSE
Kappa Pheromones,4,0,4,0,0,4:0:4:0:0,1:0:1:0:0,8,13,0.615,FALSE,0,0,0,0,0,0,Essences,Uncommon,Enchanted Forest,TRUE,FALSE,FALSE,FALSE,FALSE,FALSE,TRUE,FALSE,FALSE,FALSE,FALSE,TRUE,FALSE,FALSE,FALSE,FALSE,TRUE,FALSE,TRUE,FALSE,FALSE
Lamia's Shed Scales,0,0,0,48,16,0:0:0:48:16,0:0:0:3:1,64,110,0.582,FALSE,0,0,0,0,0,0,Flesh,Uncommon,Sulfuric Falls,TRUE,FALSE,FALSE,FALSE,FALSE,TRUE,FALSE,FALSE,FALSE,FALSE,FALSE,FALSE,FALSE,FALSE,TRUE,TRUE,FALSE,FALSE,FALSE,FALSE,FALSE
Lazuli Ore,64,48,0,0,32,64:48:0:0:32,4:3:0:0:2,144,174,0.828,FALSE,0,0,0,0,0,-5,Ores,Rare,Crystalline Forest,TRUE,FALSE,FALSE,FALSE,FALSE,FALSE,FALSE,FALSE,FALSE,FALSE,FALSE,FALSE,FALSE,TRUE,FALSE,FALSE,FALSE,FALSE,FALSE,FALSE,FALSE
Leech Snail's Shell,12,12,0,0,0,12:12:0:0:0,1:1:0:0:0,24,26,0.923,FALSE,0,0,0,0,0,0,Mineral,Uncommon,Bone Wastes,TRUE,TRUE,FALSE,FALSE,FALSE,FALSE,FALSE,FALSE,FALSE,FALSE,FALSE,TRUE,FALSE,TRUE,FALSE,FALSE,FALSE,TRUE,FALSE,FALSE,FALSE
Lethal Injection Eel,42,42,42,0,0,42:42:42:0:0,1:1:1:0:0,126,164,0.768,FALSE,0,0,0,0,0,0,Fish,Common,Magical Wasteland,TRUE,FALSE,FALSE,FALSE,FALSE,FALSE,FALSE,FALSE,FALSE,FALSE,FALSE,TRUE,FALSE,FALSE,FALSE,FALSE,FALSE,FALSE,FALSE,FALSE,FALSE
Lich's Femur,0,0,70,70,28,0:0:70:70:28,0:0:5:5:2,168,247,0.680,FALSE,0,0,0,0,0,0,Bone,Uncommon,Magical Wasteland,TRUE,FALSE,FALSE,FALSE,FALSE,FALSE,FALSE,FALSE,FALSE,FALSE,FALSE,FALSE,FALSE,FALSE,FALSE,TRUE,FALSE,FALSE,FALSE,FALSE,FALSE
Liquid Metal Ore,0,44,88,0,0,0:44:88:0:0,0:1:2:0:0,132,162,0.815,FALSE,0,0,-5,0,0,0,Ores,Common,Crater,TRUE,FALSE,TRUE,FALSE,FALSE,FALSE,FALSE,FALSE,FALSE,FALSE,FALSE,TRUE,TRUE,FALSE,FALSE,FALSE,FALSE,FALSE,FALSE,TRUE,TRUE
Lustrous Pearl,0,0,0,32,0,0:0:0:32:0,0:0:0:1:0,32,60,0.533,FALSE,0,0,0,0,5,0,Gem,Common,Crystalline Forest,TRUE,FALSE,FALSE,FALSE,TRUE,TRUE,FALSE,TRUE,TRUE,FALSE,FALSE,FALSE,TRUE,FALSE,TRUE,TRUE,TRUE,TRUE,FALSE,FALSE,FALSE
Magma Beetle,0,33,33,33,0,0:33:33:33:0,0:1:1:1:0,99,124,0.798,FALSE,0,0,0,0,0,0,Bug,Common,Dragon Oasis,TRUE,FALSE,FALSE,FALSE,FALSE,FALSE,FALSE,FALSE,FALSE,FALSE,FALSE,FALSE,TRUE,FALSE,FALSE,FALSE,FALSE,FALSE,FALSE,FALSE,FALSE
Malachite Ore,30,10,0,0,20,30:10:0:0:20,3:1:0:0:2,60,93,0.645,FALSE,0,0,0,0,0,0,Ores,Rare,Ocean Coasts,TRUE,FALSE,FALSE,FALSE,FALSE,FALSE,FALSE,FALSE,FALSE,FALSE,FALSE,FALSE,FALSE,TRUE,FALSE,FALSE,FALSE,FALSE,FALSE,FALSE,FALSE
Mana Blaze,50,40,30,20,10,50:40:30:20:10,5:4:3:2:1,150,234,0.641,FALSE,0,0,5,5,0,0,Pure Mana,Epic,Dragon Oasis,FALSE,FALSE,FALSE,FALSE,FALSE,FALSE,FALSE,FALSE,FALSE,FALSE,FALSE,FALSE,FALSE,FALSE,FALSE,FALSE,FALSE,FALSE,FALSE,FALSE,FALSE
Mana Conflagration,35,45,55,65,75,35:45:55:65:75,7:9:11:13:15,275,316,0.870,FALSE,0,0,0,-5,-5,0,Pure Mana,Epic,Arctic,FALSE,FALSE,FALSE,FALSE,FALSE,FALSE,FALSE,FALSE,FALSE,FALSE,FALSE,FALSE,FALSE,FALSE,FALSE,FALSE,FALSE,FALSE,FALSE,FALSE,FALSE
Mana Heart,28,28,28,98,28,28:28:28:98:28,2:2:2:7:2,210,450,0.467,FALSE,0,5,0,5,0,0,Pure Mana,Epic,Magical Wasteland,FALSE,FALSE,FALSE,FALSE,FALSE,FALSE,FALSE,FALSE,FALSE,FALSE,FALSE,FALSE,FALSE,FALSE,FALSE,FALSE,FALSE,FALSE,FALSE,FALSE,FALSE
Mana Maelstrom,98,28,28,28,28,98:28:28:28:28,7:2:2:2:2,210,375,0.560,FALSE,0,0,0,0,5,5,Pure Mana,Epic,Magical Wasteland,FALSE,FALSE,FALSE,FALSE,FALSE,FALSE,FALSE,FALSE,FALSE,FALSE,FALSE,FALSE,FALSE,FALSE,FALSE,FALSE,FALSE,FALSE,FALSE,FALSE,FALSE
Mana Prism,28,28,98,28,28,28:28:98:28:28,2:2:7:2:2,210,425,0.494,FALSE,0,0,5,0,5,0,Pure Mana,Epic,Magical Wasteland,FALSE,FALSE,FALSE,FALSE,FALSE,FALSE,FALSE,FALSE,FALSE,FALSE,FALSE,FALSE,FALSE,FALSE,FALSE,FALSE,FALSE,FALSE,FALSE,FALSE,FALSE
Mana Singularity,28,28,28,28,98,28:28:28:28:98,2:2:2:2:7,210,475,0.442,FALSE,0,0,0,5,0,5,Pure Mana,Epic,Magical Wasteland,FALSE,FALSE,FALSE,FALSE,FALSE,FALSE,FALSE,FALSE,FALSE,FALSE,FALSE,FALSE,FALSE,FALSE,FALSE,FALSE,FALSE,FALSE,FALSE,FALSE,FALSE
Mana Vortex,28,98,28,28,28,28:98:28:28:28,2:7:2:2:2,210,400,0.525,FALSE,0,5,0,0,0,5,Pure Mana,Epic,Magical Wasteland,FALSE,FALSE,FALSE,FALSE,FALSE,FALSE,FALSE,FALSE,FALSE,FALSE,FALSE,FALSE,FALSE,FALSE,FALSE,FALSE,FALSE,FALSE,FALSE,FALSE,FALSE
Mandragon Root,0,30,0,0,0,0:30:0:0:0,0:1:0:0:0,30,34,0.882,FALSE,0,0,0,0,0,0,Plant,Common,Ocean Coasts,TRUE,TRUE,TRUE,FALSE,FALSE,FALSE,FALSE,FALSE,TRUE,TRUE,FALSE,TRUE,TRUE,TRUE,FALSE,FALSE,FALSE,TRUE,FALSE,TRUE,TRUE
Mandrake Root,0,6,0,0,0,0:6:0:0:0,0:1:0:0:0,6,6,1.000,TRUE,2,0,0,0,0,0,Plant,Common,Enchanted Forest,TRUE,TRUE,TRUE,FALSE,FALSE,FALSE,FALSE,FALSE,TRUE,TRUE,FALSE,TRUE,TRUE,TRUE,FALSE,FALSE,FALSE,TRUE,FALSE,TRUE,TRUE
Manwyrm Root,0,18,0,0,0,0:18:0:0:0,0:1:0:0:0,18,14,1.286,FALSE,0,0,0,0,0,0,Plant,Common,Bone Wastes,TRUE,TRUE,TRUE,FALSE,FALSE,FALSE,FALSE,FALSE,TRUE,TRUE,FALSE,TRUE,TRUE,TRUE,FALSE,FALSE,FALSE,TRUE,FALSE,TRUE,TRUE
Mass Grave Enoki,56,112,112,56,0,56:112:112:56:0,1:2:2:1:0,336,386,0.870,FALSE,0,0,-5,-5,0,0,Fungus,Rare,Magical Wasteland,FALSE,FALSE,FALSE,FALSE,FALSE,FALSE,FALSE,FALSE,FALSE,FALSE,FALSE,FALSE,FALSE,FALSE,FALSE,FALSE,FALSE,FALSE,FALSE,FALSE,FALSE
Medusa Spore,0,48,0,16,0,0:48:0:16:0,0:3:0:1:0,64,94,0.681,FALSE,0,-5,0,5,0,0,Fungus,Common,Ice Craggs,TRUE,FALSE,FALSE,FALSE,FALSE,FALSE,FALSE,FALSE,TRUE,FALSE,FALSE,FALSE,TRUE,FALSE,FALSE,FALSE,FALSE,TRUE,FALSE,FALSE,FALSE
Miasma Spore,0,18,0,6,0,0:18:0:6:0,0:3:0:1:0,24,30,0.800,FALSE,0,0,0,0,0,0,Fungus,Uncommon,Mushroom Mire,TRUE,FALSE,FALSE,FALSE,FALSE,FALSE,FALSE,FALSE,TRUE,FALSE,FALSE,FALSE,TRUE,FALSE,FALSE,FALSE,FALSE,TRUE,FALSE,FALSE,FALSE
Mosquito Plant,10,0,20,0,30,10:0:20:0:30,1:0:2:0:3,60,105,0.571,FALSE,0,0,0,0,0,0,Plant,Epic,Shadow Steppe,TRUE,FALSE,FALSE,FALSE,FALSE,FALSE,FALSE,FALSE,FALSE,FALSE,FALSE,FALSE,FALSE,FALSE,FALSE,FALSE,FALSE,FALSE,TRUE,FALSE,FALSE
Moss Berries,0,10,0,20,0,0:10:0:20:0,0:1:0:2:0,30,35,0.857,FALSE,0,0,0,0,0,0,Fruit,Common,Mushroom Mire,TRUE,FALSE,FALSE,FALSE,FALSE,FALSE,FALSE,FALSE,TRUE,FALSE,FALSE,FALSE,TRUE,FALSE,FALSE,FALSE,FALSE,TRUE,FALSE,FALSE,FALSE
Mote of Mana,15,15,15,15,15,15:15:15:15:15,1:1:1:1:1,75,130,0.577,FALSE,0,0,0,0,0,0,Pure Mana,Epic,Shadow Steppe,FALSE,FALSE,FALSE,FALSE,FALSE,FALSE,FALSE,FALSE,FALSE,FALSE,FALSE,FALSE,FALSE,FALSE,FALSE,FALSE,FALSE,FALSE,FALSE,FALSE,FALSE
Mud Shrimp,6,0,12,0,0,6:0:12:0:0,1:0:2:0:0,18,26,0.692,FALSE,0,0,0,5,0,0,Fish,Rare,Mushroom Mire,TRUE,FALSE,FALSE,FALSE,FALSE,FALSE,TRUE,FALSE,FALSE,FALSE,FALSE,TRUE,FALSE,FALSE,FALSE,FALSE,TRUE,FALSE,TRUE,FALSE,FALSE
Murkwater Pearl,0,0,0,12,0,0:0:0:12:0,0:0:0:1:0,12,27,0.444,FALSE,0,0,0,0,5,0,Gem,Uncommon,Mushroom Mire,TRUE,FALSE,FALSE,FALSE,TRUE,TRUE,FALSE,TRUE,TRUE,FALSE,FALSE,FALSE,TRUE,FALSE,TRUE,TRUE,TRUE,TRUE,FALSE,FALSE,FALSE
Naga's Fang,0,48,0,0,16,0:48:0:0:16,0:3:0:0:1,64,98,0.653,FALSE,0,0,-5,0,0,5,Bone,Common,Sulfuric Falls,TRUE,FALSE,FALSE,FALSE,FALSE,FALSE,FALSE,FALSE,FALSE,TRUE,FALSE,FALSE,FALSE,TRUE,FALSE,FALSE,FALSE,FALSE,FALSE,TRUE,TRUE
Nessie Pheromones,20,0,20,0,0,20:0:20:0:0,1:0:1:0:0,40,50,0.800,FALSE,0,0,0,0,0,0,Essences,Common,Ocean Coasts,TRUE,FALSE,FALSE,FALSE,FALSE,FALSE,TRUE,FALSE,FALSE,FALSE,FALSE,TRUE,FALSE,FALSE,FALSE,FALSE,TRUE,FALSE,TRUE,FALSE,FALSE
Nether Ore,0,0,22,0,0,0:0:22:0:0,0:0:1:0:0,22,51,0.431,FALSE,0,0,0,5,5,0,Ores,Rare,Arctic,TRUE,FALSE,TRUE,FALSE,TRUE,FALSE,TRUE,FALSE,FALSE,FALSE,TRUE,TRUE,TRUE,FALSE,FALSE,TRUE,TRUE,FALSE,TRUE,TRUE,TRUE
Nightmare Pomme,0,33,11,0,0,0:33:11:0:0,0:3:1:0:0,44,72,0.611,FALSE,0,0,0,0,5,5,Fruit,Rare,Crater,TRUE,FALSE,TRUE,FALSE,FALSE,FALSE,FALSE,FALSE,FALSE,FALSE,FALSE,TRUE,TRUE,FALSE,FALSE,FALSE,FALSE,FALSE,FALSE,TRUE,TRUE
Nuclear Shadow,0,70,70,28,0,0:70:70:28:0,0:5:5:2:0,168,228,0.737,FALSE,0,0,5,0,0,0,Essences,Rare,Magical Wasteland,TRUE,FALSE,FALSE,FALSE,FALSE,FALSE,FALSE,FALSE,FALSE,FALSE,FALSE,FALSE,TRUE,FALSE,FALSE,FALSE,FALSE,FALSE,FALSE,FALSE,FALSE
Ogre's Shadow,32,0,32,0,0,32:0:32:0:0,1:0:1:0:0,64,74,0.865,FALSE,0,0,0,0,0,0,Essences,Common,Crystalline Forest,TRUE,FALSE,FALSE,FALSE,FALSE,FALSE,TRUE,FALSE,FALSE,FALSE,FALSE,TRUE,FALSE,FALSE,FALSE,FALSE,TRUE,FALSE,TRUE,FALSE,FALSE
Orchid of the Ice Princess,11,33,0,33,0,11:33:0:33:0,1:3:0:3:0,77,116,0.664,FALSE,0,0,0,5,0,0,Flower,Rare,Arctic,TRUE,FALSE,FALSE,FALSE,FALSE,FALSE,FALSE,FALSE,FALSE,FALSE,FALSE,FALSE,FALSE,FALSE,FALSE,FALSE,FALSE,TRUE,FALSE,FALSE,FALSE
Orchid of the Witch Queen,28,70,0,70,0,28:70:0:70:0,2:5:0:5:0,168,248,0.677,FALSE,0,0,0,5,0,0,Flower,Rare,Magical Wasteland,TRUE,FALSE,FALSE,FALSE,FALSE,FALSE,FALSE,FALSE,FALSE,FALSE,FALSE,FALSE,FALSE,FALSE,FALSE,FALSE,FALSE,TRUE,FALSE,FALSE,FALSE
Owlbear Pheromones,0,0,0,0,64,0:0:0:0:64,0:0:0:0:1,64,90,0.711,FALSE,0,0,0,-5,0,0,Essences,Uncommon,Crystalline Forest,TRUE,FALSE,FALSE,TRUE,FALSE,TRUE,FALSE,FALSE,FALSE,TRUE,TRUE,FALSE,FALSE,TRUE,TRUE,TRUE,FALSE,FALSE,TRUE,TRUE,TRUE
Pandemonium Shroom,66,0,0,0,0,66:0:0:0:0,1:0:0:0:0,66,72,0.917,FALSE,0,5,0,0,0,-5,Fungus,Common,Dragon Oasis,TRUE,TRUE,FALSE,TRUE,FALSE,FALSE,TRUE,TRUE,FALSE,FALSE,FALSE,TRUE,FALSE,TRUE,TRUE,FALSE,TRUE,TRUE,TRUE,FALSE,FALSE
Pegasus Mite,96,48,0,0,0,96:48:0:0:0,2:1:0:0:0,144,134,1.075,FALSE,0,0,-5,0,0,-5,Bug,Uncommon,Crystalline Forest,TRUE,TRUE,FALSE,FALSE,FALSE,FALSE,FALSE,FALSE,FALSE,FALSE,FALSE,TRUE,FALSE,TRUE,FALSE,FALSE,FALSE,TRUE,FALSE,FALSE,FALSE
Phantom Pomme,0,10,30,0,0,0:10:30:0:0,0:1:3:0:0,40,64,0.625,FALSE,0,5,0,0,0,-5,Fruit,Epic,Ocean Coasts,TRUE,FALSE,TRUE,FALSE,FALSE,FALSE,FALSE,FALSE,FALSE,FALSE,FALSE,TRUE,TRUE,FALSE,FALSE,FALSE,FALSE,FALSE,FALSE,TRUE,TRUE
Phoenix Tear,0,24,24,8,0,0:24:24:8:0,0:3:3:1:0,56,82,0.683,FALSE,0,0,5,0,0,0,Essences,Epic,Crystalline Forest,TRUE,FALSE,FALSE,FALSE,FALSE,FALSE,FALSE,FALSE,FALSE,FALSE,FALSE,FALSE,TRUE,FALSE,FALSE,FALSE,FALSE,FALSE,FALSE,FALSE,FALSE
Photonic Spore,0,10,0,30,0,0:10:0:30:0,0:1:0:3:0,40,52,0.769,FALSE,0,-5,0,5,0,0,Fungus,Epic,Shadow Steppe,TRUE,FALSE,FALSE,FALSE,FALSE,FALSE,FALSE,FALSE,TRUE,FALSE,FALSE,FALSE,TRUE,FALSE,FALSE,FALSE,FALSE,TRUE,FALSE,FALSE,FALSE
Pixiedust Diamond,0,4,4,0,0,0:4:4:0:0,0:1:1:0:0,8,14,0.571,FALSE,0,0,0,0,0,0,Gem,Uncommon,Enchanted Forest,TRUE,FALSE,TRUE,FALSE,FALSE,FALSE,FALSE,FALSE,FALSE,FALSE,FALSE,TRUE,TRUE,FALSE,FALSE,FALSE,FALSE,FALSE,FALSE,TRUE,TRUE
Platinum Slime,42,42,42,42,0,42:42:42:42:0,1:1:1:1:0,168,178,0.944,FALSE,0,0,0,0,0,0,Slime,Rare,Magical Wasteland,FALSE,FALSE,FALSE,FALSE,FALSE,FALSE,FALSE,FALSE,FALSE,FALSE,FALSE,FALSE,FALSE,FALSE,FALSE,FALSE,FALSE,FALSE,FALSE,FALSE,FALSE
Poison Quartz,64,48,0,32,0,64:48:0:32:0,4:3:0:2:0,144,185,0.778,FALSE,0,0,0,0,0,-5,Gem,Rare,Sulfuric Falls,TRUE,FALSE,FALSE,FALSE,FALSE,FALSE,FALSE,FALSE,FALSE,FALSE,FALSE,FALSE,FALSE,FALSE,FALSE,FALSE,FALSE,TRUE,FALSE,FALSE,FALSE
Puckberry,18,0,0,0,0,18:0:0:0:0,1:0:0:0:0,18,16,1.125,FALSE,0,0,0,0,0,0,Fruit,Common,Mushroom Mire,TRUE,TRUE,FALSE,TRUE,FALSE,FALSE,TRUE,TRUE,FALSE,FALSE,FALSE,TRUE,FALSE,TRUE,TRUE,FALSE,TRUE,TRUE,TRUE,FALSE,FALSE
Qilin's Tri-Horn,0,0,24,0,0,0:0:24:0:0,0:0:1:0:0,24,18,1.333,FALSE,0,-5,0,0,0,0,Bone,Common,Mushroom Mire,TRUE,FALSE,TRUE,FALSE,TRUE,FALSE,TRUE,FALSE,FALSE,FALSE,TRUE,TRUE,TRUE,FALSE,FALSE,TRUE,TRUE,FALSE,TRUE,TRUE,TRUE
Raiju Droppings,0,0,30,10,0,0:0:30:10:0,0:0:3:1:0,40,55,0.727,FALSE,0,0,0,0,0,0,Essences,Uncommon,Storm Plains,TRUE,FALSE,FALSE,FALSE,TRUE,FALSE,FALSE,FALSE,FALSE,FALSE,FALSE,FALSE,TRUE,FALSE,FALSE,TRUE,TRUE,FALSE,FALSE,FALSE,FALSE
Raven's Shadow,0,10,12,18,0,0:10:12:18:0,0:5:6:9:0,40,52,0.769,FALSE,0,0,0,0,0,0,Essences,Rare,Mushroom Mire,TRUE,FALSE,FALSE,FALSE,FALSE,FALSE,FALSE,FALSE,FALSE,FALSE,FALSE,FALSE,TRUE,FALSE,FALSE,FALSE,FALSE,FALSE,FALSE,FALSE,FALSE
Reef Radish,0,30,0,0,0,0:30:0:0:0,0:1:0:0:0,30,32,0.938,FALSE,0,-5,0,0,0,5,Plant,Rare,Ocean Coasts,TRUE,TRUE,TRUE,FALSE,FALSE,FALSE,FALSE,FALSE,TRUE,TRUE,FALSE,TRUE,TRUE,TRUE,FALSE,FALSE,FALSE,TRUE,FALSE,TRUE,TRUE
River Calamari,8,0,0,0,0,8:0:0:0:0,1:0:0:0:0,8,5,1.600,FALSE,0,0,-5,0,0,0,Fish,Common,Enchanted Forest,TRUE,TRUE,FALSE,TRUE,FALSE,FALSE,TRUE,TRUE,FALSE,FALSE,FALSE,TRUE,FALSE,TRUE,TRUE,FALSE,TRUE,TRUE,TRUE,FALSE,FALSE
River-Pixie's Shell,4,4,0,0,0,4:4:0:0:0,1:1:0:0:0,8,11,0.727,FALSE,0,0,0,0,0,0,Mineral,Uncommon,Enchanted Forest,TRUE,TRUE,FALSE,FALSE,FALSE,FALSE,FALSE,FALSE,FALSE,FALSE,FALSE,TRUE,FALSE,TRUE,FALSE,FALSE,FALSE,TRUE,FALSE,FALSE,FALSE
Rock Salt,24,0,0,0,8,24:0:0:0:8,3:0:0:0:1,32,68,0.471,FALSE,0,5,0,0,5,0,Mineral,Uncommon,Ice Craggs,TRUE,FALSE,FALSE,TRUE,FALSE,FALSE,FALSE,FALSE,FALSE,FALSE,FALSE,FALSE,FALSE,TRUE,TRUE,FALSE,FALSE,FALSE,TRUE,FALSE,FALSE
Rotfly Adult,0,0,20,0,0,0:0:20:0:0,0:0:1:0:0,20,38,0.526,FALSE,0,5,0,0,0,0,Bug,Uncommon,Ocean Coasts,TRUE,FALSE,TRUE,FALSE,TRUE,FALSE,TRUE,FALSE,FALSE,FALSE,TRUE,TRUE,TRUE,FALSE,FALSE,TRUE,TRUE,FALSE,TRUE,TRUE,TRUE
Rotfly Cocoon,0,0,12,0,0,0:0:12:0:0,0:0:1:0:0,12,25,0.480,FALSE,0,5,0,0,0,0,Bug,Uncommon,Bone Wastes,TRUE,FALSE,TRUE,FALSE,TRUE,FALSE,TRUE,FALSE,FALSE,FALSE,TRUE,TRUE,TRUE,FALSE,FALSE,TRUE,TRUE,FALSE,TRUE,TRUE,TRUE
Rotfly Larva,0,0,4,0,0,0:0:4:0:0,0:0:1:0:0,4,10,0.400,FALSE,0,5,0,0,0,0,Bug,Common,Enchanted Forest,TRUE,FALSE,TRUE,FALSE,TRUE,FALSE,TRUE,FALSE,FALSE,FALSE,TRUE,TRUE,TRUE,FALSE,FALSE,TRUE,TRUE,FALSE,TRUE,TRUE,TRUE
Rotfly Matriarch,0,0,32,0,0,0:0:32:0:0,0:0:1:0:0,32,65,0.492,FALSE,0,5,0,0,0,0,Bug,Common,Sulfuric Falls,TRUE,FALSE,TRUE,FALSE,TRUE,FALSE,TRUE,FALSE,FALSE,FALSE,TRUE,TRUE,TRUE,FALSE,FALSE,TRUE,TRUE,FALSE,TRUE,TRUE,TRUE
Rotfly Mutant,0,0,44,0,0,0:0:44:0:0,0:0:1:0:0,44,74,0.595,FALSE,0,5,0,0,0,0,Bug,Common,Crater,TRUE,FALSE,TRUE,FALSE,TRUE,FALSE,TRUE,FALSE,FALSE,FALSE,TRUE,TRUE,TRUE,FALSE,FALSE,TRUE,TRUE,FALSE,TRUE,TRUE,TRUE
Rottermelon,0,0,0,64,0,0:0:0:64:0,0:0:0:1:0,64,68,0.941,FALSE,0,0,0,0,-5,0,Fruit,Common,Sulfuric Falls,TRUE,FALSE,FALSE,FALSE,TRUE,TRUE,FALSE,TRUE,TRUE,FALSE,FALSE,FALSE,TRUE,FALSE,TRUE,TRUE,TRUE,TRUE,FALSE,FALSE,FALSE
Sack of Composite Slime,0,0,30,0,0,0:0:30:0:0,0:0:1:0:0,30,36,0.833,FALSE,0,0,0,0,0,0,Slime,Common,Shadow Steppe,TRUE,FALSE,TRUE,FALSE,TRUE,FALSE,TRUE,FALSE,FALSE,FALSE,TRUE,TRUE,TRUE,FALSE,FALSE,TRUE,TRUE,FALSE,TRUE,TRUE,TRUE
Sack of Hive Slime,0,0,18,0,0,0:0:18:0:0,0:0:1:0:0,18,21,0.857,FALSE,0,0,0,0,0,0,Slime,Common,Mushroom Mire,TRUE,FALSE,TRUE,FALSE,TRUE,FALSE,TRUE,FALSE,FALSE,FALSE,TRUE,TRUE,TRUE,FALSE,FALSE,TRUE,TRUE,FALSE,TRUE,TRUE,TRUE
Sack of Slime,0,0,6,0,0,0:0:6:0:0,0:0:1:0:0,6,7,0.857,TRUE,2,0,0,0,0,0,Slime,Common,Enchanted Forest,TRUE,FALSE,TRUE,FALSE,TRUE,FALSE,TRUE,FALSE,FALSE,FALSE,TRUE,TRUE,TRUE,FALSE,FALSE,TRUE,TRUE,FALSE,TRUE,TRUE,TRUE
Salamander's Fiery Tongue,0,24,0,0,0,0:24:0:0:0,0:1:0:0:0,24,22,1.091,FALSE,0,0,0,-5,0,0,Flesh,Common,Bone Wastes,TRUE,TRUE,TRUE,FALSE,FALSE,FALSE,FALSE,FALSE,TRUE,TRUE,FALSE,TRUE,TRUE,TRUE,FALSE,FALSE,FALSE,TRUE,FALSE,TRUE,TRUE
Saltwatermelon,0,0,0,40,0,0:0:0:40:0,0:0:0:1:0,40,44,0.909,FALSE,0,0,0,0,-5,0,Fruit,Uncommon,Ocean Coasts,TRUE,FALSE,FALSE,FALSE,TRUE,TRUE,FALSE,TRUE,TRUE,FALSE,FALSE,FALSE,TRUE,FALSE,TRUE,TRUE,TRUE,TRUE,FALSE,FALSE,FALSE
Scimitar Crab's Shell,32,32,0,0,0,32:32:0:0:0,1:1:0:0:0,64,76,0.842,FALSE,0,0,0,0,0,0,Mineral,Common,Sulfuric Falls,TRUE,TRUE,FALSE,FALSE,FALSE,FALSE,FALSE,FALSE,FALSE,FALSE,FALSE,TRUE,FALSE,TRUE,FALSE,FALSE,FALSE,TRUE,FALSE,FALSE,FALSE
Sea Salt,30,0,0,0,10,30:0:0:0:10,3:0:0:0:1,40,55,0.727,FALSE,0,0,0,0,0,0,Mineral,Uncommon,Ocean Coasts,TRUE,FALSE,FALSE,TRUE,FALSE,FALSE,FALSE,FALSE,FALSE,FALSE,FALSE,FALSE,FALSE,TRUE,TRUE,FALSE,FALSE,FALSE,TRUE,FALSE,FALSE
Selkie Lice,10,20,0,0,0,10:20:0:0:0,1:2:0:0:0,30,50,0.600,FALSE,0,0,5,0,0,0,Bug,Rare,Ocean Coasts,TRUE,TRUE,FALSE,FALSE,FALSE,FALSE,FALSE,FALSE,FALSE,FALSE,FALSE,TRUE,FALSE,TRUE,FALSE,FALSE,FALSE,TRUE,FALSE,FALSE,FALSE
Sepulcher Widow,0,0,0,0,48,0:0:0:0:48,0:0:0:0:1,48,82,0.585,FALSE,0,0,0,0,5,-5,Bug,Uncommon,Ice Craggs,TRUE,FALSE,FALSE,TRUE,FALSE,TRUE,FALSE,FALSE,FALSE,TRUE,TRUE,FALSE,FALSE,TRUE,TRUE,TRUE,FALSE,FALSE,TRUE,TRUE,TRUE
Sequined Custard,0,0,32,0,16,0:0:32:0:16,0:0:2:0:1,48,84,0.571,FALSE,0,0,0,0,5,0,Slime,Uncommon,Crystalline Forest,TRUE,FALSE,FALSE,FALSE,FALSE,FALSE,FALSE,FALSE,FALSE,FALSE,TRUE,FALSE,FALSE,FALSE,FALSE,TRUE,FALSE,FALSE,TRUE,TRUE,TRUE
Serpent's Slippery Tongue,0,8,0,0,0,0:8:0:0:0,0:1:0:0:0,8,6,1.333,FALSE,0,0,0,-5,0,0,Flesh,Common,Enchanted Forest,TRUE,TRUE,TRUE,FALSE,FALSE,FALSE,FALSE,FALSE,TRUE,TRUE,FALSE,TRUE,TRUE,TRUE,FALSE,FALSE,FALSE,TRUE,FALSE,TRUE,TRUE
Shadowveil Pearl,0,0,0,20,0,0:0:0:20:0,0:0:0:1:0,20,38,0.526,FALSE,0,0,0,0,5,0,Gem,Uncommon,Shadow Steppe,TRUE,FALSE,FALSE,FALSE,TRUE,TRUE,FALSE,TRUE,TRUE,FALSE,FALSE,FALSE,TRUE,FALSE,TRUE,TRUE,TRUE,TRUE,FALSE,FALSE,FALSE
Shallow Grave Enoki,32,64,64,32,0,32:64:64:32:0,1:2:2:1:0,192,200,0.960,FALSE,0,0,-5,-5,0,0,Fungus,Rare,Crystalline Forest,FALSE,FALSE,FALSE,FALSE,FALSE,FALSE,FALSE,FALSE,FALSE,FALSE,FALSE,FALSE,FALSE,FALSE,FALSE,FALSE,FALSE,FALSE,FALSE,FALSE,FALSE
Shelled Pudding,32,0,0,32,0,32:0:0:32:0,1:0:0:1:0,64,90,0.711,FALSE,0,0,0,0,0,0,Slime,Common,Sulfuric Falls,TRUE,FALSE,FALSE,FALSE,FALSE,FALSE,FALSE,TRUE,FALSE,FALSE,FALSE,FALSE,FALSE,FALSE,TRUE,FALSE,TRUE,TRUE,FALSE,FALSE,FALSE
Silver Dollop,24,24,24,24,0,24:24:24:24:0,1:1:1:1:0,96,138,0.696,FALSE,0,0,0,0,0,0,Slime,Epic,Crystalline Forest,FALSE,FALSE,FALSE,FALSE,FALSE,FALSE,FALSE,FALSE,FALSE,FALSE,FALSE,FALSE,FALSE,FALSE,FALSE,FALSE,FALSE,FALSE,FALSE,FALSE,FALSE
Silver Stag Antler,0,0,64,0,0,0:0:64:0:0,0:0:1:0:0,64,72,0.889,FALSE,0,-5,0,0,0,0,Bone,Common,Ice Craggs,TRUE,FALSE,TRUE,FALSE,TRUE,FALSE,TRUE,FALSE,FALSE,FALSE,TRUE,TRUE,TRUE,FALSE,FALSE,TRUE,TRUE,FALSE,TRUE,TRUE,TRUE
Sinfandel,80,0,80,80,40,80:0:80:80:40,2:0:2:2:1,280,362,0.773,FALSE,0,-5,0,0,0,0,Fruit,Rare,Magical Wasteland,FALSE,FALSE,FALSE,FALSE,FALSE,FALSE,FALSE,FALSE,FALSE,FALSE,FALSE,FALSE,FALSE,FALSE,FALSE,FALSE,FALSE,FALSE,FALSE,FALSE,FALSE
Slapping Turtle's Shell,20,20,0,0,0,20:20:0:0:0,1:1:0:0:0,40,46,0.870,FALSE,0,0,0,0,0,0,Mineral,Common,Storm Plains,TRUE,TRUE,FALSE,FALSE,FALSE,FALSE,FALSE,FALSE,FALSE,FALSE,FALSE,TRUE,FALSE,TRUE,FALSE,FALSE,FALSE,TRUE,FALSE,FALSE,FALSE
Slaughtermelon,0,0,0,76,0,0:0:0:76:0,0:0:0:1:0,76,105,0.724,FALSE,0,0,0,0,-5,0,Fruit,Common,Crater,TRUE,FALSE,FALSE,FALSE,TRUE,TRUE,FALSE,TRUE,TRUE,FALSE,FALSE,FALSE,TRUE,FALSE,TRUE,TRUE,TRUE,TRUE,FALSE,FALSE,FALSE
Snowflake Spore,0,66,0,22,0,0:66:0:22:0,0:3:0:1:0,88,105,0.838,FALSE,0,-5,0,5,0,0,Fungus,Common,Arctic,TRUE,FALSE,FALSE,FALSE,FALSE,FALSE,FALSE,FALSE,TRUE,FALSE,FALSE,FALSE,TRUE,FALSE,FALSE,FALSE,FALSE,TRUE,FALSE,FALSE,FALSE
Sorcerite,70,70,0,28,0,70:70:0:28:0,5:5:0:2:0,168,232,0.724,FALSE,0,-5,0,0,5,0,Mineral,Rare,Magical Wasteland,TRUE,FALSE,FALSE,FALSE,FALSE,FALSE,FALSE,FALSE,FALSE,FALSE,FALSE,FALSE,FALSE,FALSE,FALSE,FALSE,FALSE,TRUE,FALSE,FALSE,FALSE
Space Nautilus's Shell,44,44,0,0,0,44:44:0:0:0,1:1:0:0:0,88,102,0.863,FALSE,0,0,0,0,0,0,Mineral,Common,Crater,TRUE,TRUE,FALSE,FALSE,FALSE,FALSE,FALSE,FALSE,FALSE,FALSE,FALSE,TRUE,FALSE,TRUE,FALSE,FALSE,FALSE,TRUE,FALSE,FALSE,FALSE
Spark of Mana,33,33,33,33,33,33:33:33:33:33,1:1:1:1:1,165,215,0.767,FALSE,0,0,0,0,0,0,Pure Mana,Epic,Crater,FALSE,FALSE,FALSE,FALSE,FALSE,FALSE,FALSE,FALSE,FALSE,FALSE,FALSE,FALSE,FALSE,FALSE,FALSE,FALSE,FALSE,FALSE,FALSE,FALSE,FALSE
Sphinx Flea,12,6,0,0,0,12:6:0:0:0,2:1:0:0:0,18,35,0.514,FALSE,0,0,5,0,0,0,Bug,Rare,Bone Wastes,TRUE,TRUE,FALSE,FALSE,FALSE,FALSE,FALSE,FALSE,FALSE,FALSE,FALSE,TRUE,FALSE,TRUE,FALSE,FALSE,FALSE,TRUE,FALSE,FALSE,FALSE
Spider's-Bait Diamond,0,20,20,0,0,0:20:20:0:0,0:1:1:0:0,40,50,0.800,FALSE,0,0,0,0,0,0,Gem,Uncommon,Shadow Steppe,TRUE,FALSE,TRUE,FALSE,FALSE,FALSE,FALSE,FALSE,FALSE,FALSE,FALSE,TRUE,TRUE,FALSE,FALSE,FALSE,FALSE,FALSE,FALSE,TRUE,TRUE
Spriggan Antler,0,0,40,0,0,0:0:40:0:0,0:0:1:0:0,40,38,1.053,FALSE,0,-5,0,0,0,0,Bone,Uncommon,Storm Plains,TRUE,FALSE,TRUE,FALSE,TRUE,FALSE,TRUE,FALSE,FALSE,FALSE,TRUE,TRUE,TRUE,FALSE,FALSE,TRUE,TRUE,FALSE,TRUE,TRUE,TRUE
Squid Vine,20,20,15,0,15,20:20:15:0:15,4:4:3:0:3,70,135,0.519,FALSE,0,0,0,0,0,0,Plant,Rare,Ocean Coasts,FALSE,FALSE,FALSE,FALSE,FALSE,FALSE,FALSE,FALSE,FALSE,FALSE,FALSE,FALSE,FALSE,FALSE,FALSE,FALSE,FALSE,FALSE,FALSE,FALSE,FALSE
Stalking Mold,22,0,0,0,66,22:0:0:0:66,1:0:0:0:3,88,123,0.715,FALSE,0,0,0,0,0,0,Fungus,Uncommon,Crater,TRUE,FALSE,FALSE,TRUE,FALSE,FALSE,FALSE,FALSE,FALSE,FALSE,FALSE,FALSE,FALSE,TRUE,TRUE,FALSE,FALSE,FALSE,TRUE,FALSE,FALSE
Stalking Skeleton's Fibula,0,0,40,40,16,0:0:40:40:16,0:0:5:5:2,96,150,0.640,FALSE,0,0,0,0,0,0,Bone,Uncommon,Ice Craggs,TRUE,FALSE,FALSE,FALSE,FALSE,FALSE,FALSE,FALSE,FALSE,FALSE,FALSE,FALSE,FALSE,FALSE,FALSE,TRUE,FALSE,FALSE,FALSE,FALSE,FALSE
Static Spiderling,0,0,0,0,30,0:0:0:0:30,0:0:0:0:1,30,50,0.600,FALSE,0,0,0,0,-5,5,Bug,Rare,Storm Plains,TRUE,FALSE,FALSE,TRUE,FALSE,TRUE,FALSE,FALSE,FALSE,TRUE,TRUE,FALSE,FALSE,TRUE,TRUE,TRUE,FALSE,FALSE,TRUE,TRUE,TRUE
Supernalite,48,32,0,16,0,48:32:0:16:0,3:2:0:1:0,96,134,0.716,FALSE,0,-5,0,0,5,0,Mineral,Rare,Ice Craggs,TRUE,FALSE,FALSE,FALSE,FALSE,FALSE,FALSE,FALSE,FALSE,FALSE,FALSE,FALSE,FALSE,FALSE,FALSE,FALSE,FALSE,TRUE,FALSE,FALSE,FALSE
Swamp Fish,12,0,0,6,0,12:0:0:6:0,2:0:0:1:0,18,22,0.818,FALSE,0,0,0,0,0,0,Fish,Common,Mushroom Mire,TRUE,FALSE,FALSE,FALSE,FALSE,FALSE,FALSE,TRUE,FALSE,FALSE,FALSE,FALSE,FALSE,FALSE,TRUE,FALSE,TRUE,TRUE,FALSE,FALSE,FALSE
Swamp Octopus,24,0,0,0,0,24:0:0:0:0,1:0:0:0:0,24,18,1.333,FALSE,0,0,-5,0,0,0,Fish,Common,Mushroom Mire,TRUE,TRUE,FALSE,TRUE,FALSE,FALSE,TRUE,TRUE,FALSE,FALSE,FALSE,TRUE,FALSE,TRUE,TRUE,FALSE,TRUE,TRUE,TRUE,FALSE,FALSE
Thunder Quartz,30,10,20,0,0,30:10:20:0:0,3:1:2:0:0,60,72,0.833,FALSE,0,0,0,0,0,0,Gem,Uncommon,Storm Plains,TRUE,FALSE,FALSE,FALSE,FALSE,FALSE,FALSE,FALSE,FALSE,FALSE,FALSE,TRUE,FALSE,FALSE,FALSE,FALSE,FALSE,FALSE,FALSE,FALSE,FALSE
Thunderbird's Molted Feather,0,0,30,0,10,0:0:30:0:10,0:0:3:0:1,40,60,0.667,FALSE,0,0,0,0,0,0,Flesh,Rare,Storm Plains,TRUE,FALSE,FALSE,FALSE,FALSE,FALSE,FALSE,FALSE,FALSE,FALSE,TRUE,FALSE,FALSE,FALSE,FALSE,TRUE,FALSE,FALSE,TRUE,TRUE,TRUE
Trollstool Mushroom,0,12,0,0,0,0:12:0:0:0,0:1:0:0:0,12,20,0.600,FALSE,0,0,5,0,0,0,Fungus,Common,Mushroom Mire,TRUE,TRUE,TRUE,FALSE,FALSE,FALSE,FALSE,FALSE,TRUE,TRUE,FALSE,TRUE,TRUE,TRUE,FALSE,FALSE,FALSE,TRUE,FALSE,TRUE,TRUE
Underworld Pomegranate,28,28,28,140,0,28:28:28:140:0,1:1:1:5:0,224,332,0.675,FALSE,0,5,0,0,-5,0,Fruit,Epic,Magical Wasteland,FALSE,FALSE,FALSE,FALSE,FALSE,FALSE,FALSE,FALSE,FALSE,FALSE,FALSE,FALSE,FALSE,FALSE,FALSE,FALSE,FALSE,FALSE,FALSE,FALSE,FALSE
Unicorn Horn,0,0,8,0,0,0:0:8:0:0,0:0:1:0:0,8,6,1.333,FALSE,0,-5,0,0,0,0,Bone,Common,Enchanted Forest,TRUE,FALSE,TRUE,FALSE,TRUE,FALSE,TRUE,FALSE,FALSE,FALSE,TRUE,TRUE,TRUE,FALSE,FALSE,TRUE,TRUE,FALSE,TRUE,TRUE,TRUE
Venous Witch-Trap,28,0,70,0,70,28:0:70:0:70,2:0:5:0:5,168,214,0.785,FALSE,0,0,0,0,0,0,Plant,Uncommon,Magical Wasteland,TRUE,FALSE,FALSE,FALSE,FALSE,FALSE,FALSE,FALSE,FALSE,FALSE,FALSE,FALSE,FALSE,FALSE,FALSE,FALSE,FALSE,FALSE,TRUE,FALSE,FALSE
Warg Pheromones,12,0,12,0,0,12:0:12:0:0,1:0:1:0:0,24,26,0.923,FALSE,0,0,0,0,0,0,Essences,Uncommon,Mushroom Mire,TRUE,FALSE,FALSE,FALSE,FALSE,FALSE,TRUE,FALSE,FALSE,FALSE,FALSE,TRUE,FALSE,FALSE,FALSE,FALSE,TRUE,FALSE,TRUE,FALSE,FALSE
Watchdog Daisy,0,16,0,48,0,0:16:0:48:0,0:1:0:3:0,64,83,0.771,FALSE,0,0,0,0,0,0,Flower,Common,Ice Craggs,TRUE,FALSE,FALSE,FALSE,FALSE,FALSE,FALSE,FALSE,TRUE,FALSE,FALSE,FALSE,TRUE,FALSE,FALSE,FALSE,FALSE,TRUE,FALSE,FALSE,FALSE
Weeping Metal Ore,0,32,64,0,0,0:32:64:0:0,0:1:2:0:0,96,66,1.455,FALSE,0,0,-5,0,0,0,Ores,Common,Sulfuric Falls,TRUE,FALSE,TRUE,FALSE,FALSE,FALSE,FALSE,FALSE,FALSE,FALSE,FALSE,TRUE,TRUE,FALSE,FALSE,FALSE,FALSE,FALSE,FALSE,TRUE,TRUE
Yeti Antler,0,0,88,0,0,0:0:88:0:0,0:0:1:0:0,88,104,0.846,FALSE,0,-5,0,0,0,0,Bone,Common,Arctic,TRUE,FALSE,TRUE,FALSE,TRUE,FALSE,TRUE,FALSE,FALSE,FALSE,TRUE,TRUE,TRUE,FALSE,FALSE,TRUE,TRUE,FALSE,TRUE,TRUE,TRUE
Widowmaker Pepper,0,44,0,44,0,0:44:0:44:0,0:1:0:1:0,88,126,0.698,FALSE,0,0,0,0,0,0,Plant,Common,Dragon Oasis,TRUE,FALSE,FALSE,FALSE,FALSE,FALSE,FALSE,FALSE,TRUE,FALSE,FALSE,FALSE,TRUE,FALSE,FALSE,FALSE,FALSE,TRUE,FALSE,FALSE,FALSE
Winged Gelatin,0,0,0,66,0,0:0:0:66:0,0:0:0:1:0,66,103,0.641,FALSE,0,0,5,-5,0,0,Slime,Uncommon,Arctic,TRUE,FALSE,FALSE,FALSE,TRUE,TRUE,FALSE,TRUE,TRUE,FALSE,FALSE,FALSE,TRUE,FALSE,TRUE,TRUE,TRUE,TRUE,FALSE,FALSE,FALSE
Witchbramble Vine,42,42,42,0,42,42:42:42:0:42,1:1:1:0:1,168,210,0.800,FALSE,0,0,0,0,0,0,Plant,Rare,Magical Wasteland,FALSE,FALSE,FALSE,FALSE,FALSE,FALSE,FALSE,FALSE,FALSE,FALSE,FALSE,FALSE,FALSE,FALSE,FALSE,FALSE,FALSE,FALSE,FALSE,FALSE,FALSE
Wraith Orchid,0,0,0,12,0,0:0:0:12:0,0:0:0:1:0,12,19,0.632,FALSE,0,0,0,0,0,0,Flower,Common,Mushroom Mire,TRUE,FALSE,FALSE,FALSE,TRUE,TRUE,FALSE,TRUE,TRUE,FALSE,FALSE,FALSE,TRUE,FALSE,TRUE,TRUE,TRUE,TRUE,FALSE,FALSE,FALSE
Xeno Noir,66,0,66,33,33,66:0:66:33:33,2:0:2:1:1,198,236,0.839,FALSE,0,-5,0,0,0,0,Fruit,Rare,Crater,FALSE,FALSE,FALSE,FALSE,FALSE,FALSE,FALSE,FALSE,FALSE,FALSE,FALSE,FALSE,FALSE,FALSE,FALSE,FALSE,FALSE,FALSE,FALSE,FALSE,FALSE
Xenoplasm,0,55,55,22,0,0:55:55:22:0,0:5:5:2:0,132,166,0.795,FALSE,0,0,0,0,-5,5,Essences,Rare,Crater,TRUE,FALSE,FALSE,FALSE,FALSE,FALSE,FALSE,FALSE,FALSE,FALSE,FALSE,FALSE,TRUE,FALSE,FALSE,FALSE,FALSE,FALSE,FALSE,FALSE,FALSE